tick	chunks
0	0,0;65535,65535
10	
20	
30	
40	
50	
60	
70	
80	
90	
100	25247,27562;7147,19755;27893,6651;9158,6214;32412,21361;19076,8179;28578,11817;2160,17043;15984,21312;25642,13064;30908,26863;9800,2532;5259,25643;26362,27408;22014,2994;17034,4587;2580,6613;18063,15433;16417,9631;3065,10857;4849,1749;4000,30613;15927,1062;9338,29358;15690,14620;13330,3804;31407,13800;27159,5290;17048,23498;17762,7676;30816,11103;920,6112;20410,23406;30942,6599;5977,5272;23465,14315;29252,31933;12122,8119;4003,1493;18851,29162;19730,22956;21807,13317;27926,4075;22433,16429;18036,29528;23083,18866;99,12603;20777,15866;17071,4081;27158,2067;20451,30598;9127,18470;20975,32065;1417,12752;31261,29012;31845,26537;21972,12476;14529,15637;4127,12521;10054,815;30012,5182;25470,16445;21915,10490;23186,28453;11456,865;20335,25429;7605,2384;12411,12237;14472,4716;4,2550;31229,4527;32286,23420;19027,12050;4832,21639;14103,27487;6005,25224;6593,9591;29186,4186;5998,24257;15737,31577;2653,16968;26137,74;29368,24815;32347,21832;8155,12354;7681,28987;7844,25638;23540,8673;14337,2964;14448,24383;7559,31879;16988,10334;11172,21793;19877,31234;10368,10613;5398,21254;20325,6472;20722,13400;18407,8836;5886,8534
110	
120	
130	
140	
150	
160	
170	
180	
190	
200	25247,27562;7147,19755;27893,6651;9158,6214;32412,21361;19076,8179;28578,11817;2160,17043;15984,21312;25642,13064;30908,26863;9800,2532;5259,25643;26362,27408;22014,2994;17034,4587;2580,6613;18063,15433;16417,9631;3065,10857;4849,1749;4000,30613;15927,1062;9338,29358;15690,14620;13330,3804;31407,13800;27159,5290;17048,23498;17762,7676;30816,11103;920,6112;20410,23406;30942,6599;5977,5272;23465,14315;29252,31933;12122,8119;4003,1493;18851,29162;19730,22956;21807,13317;27926,4075;22433,16429;18036,29528;23083,18866;99,12603;20777,15866;17071,4081;27158,2067;20451,30598;9127,18470;20975,32065;1417,12752;31261,29012;31845,26537;21972,12476;14529,15637;4127,12521;10054,815;30012,5182;25470,16445;21915,10490;23186,28453;11456,865;20335,25429;7605,2384;12411,12237;14472,4716;4,2550;31229,4527;32286,23420;19027,12050;4832,21639;14103,27487;6005,25224;6593,9591;29186,4186;5998,24257;15737,31577;2653,16968;26137,74;29368,24815;32347,21832;8155,12354;7681,28987;7844,25638;23540,8673;14337,2964;14448,24383;7559,31879;16988,10334;11172,21793;19877,31234;10368,10613;5398,21254;20325,6472;20722,13400;18407,8836;5886,8534
210	
220	
230	
240	
250	
260	
270	
280	
290	
300	25247,27562;7147,19755;27893,6651;9158,6214;32412,21361;19076,8179;28578,11817;2160,17043;15984,21312;25642,13064;30908,26863;9800,2532;5259,25643;26362,27408;22014,2994;17034,4587;2580,6613;18063,15433;16417,9631;3065,10857;4849,1749;4000,30613;15927,1062;9338,29358;15690,14620;13330,3804;31407,13800;27159,5290;17048,23498;17762,7676;30816,11103;920,6112;20410,23406;30942,6599;5977,5272;23465,14315;29252,31933;12122,8119;4003,1493;18851,29162;19730,22956;21807,13317;27926,4075;22433,16429;18036,29528;23083,18866;99,12603;20777,15866;17071,4081;27158,2067;20451,30598;9127,18470;20975,32065;1417,12752;31261,29012;31845,26537;21972,12476;14529,15637;4127,12521;10054,815;30012,5182;25470,16445;21915,10490;23186,28453;11456,865;20335,25429;7605,2384;12411,12237;14472,4716;4,2550;31229,4527;32286,23420;19027,12050;4832,21639;14103,27487;6005,25224;6593,9591;29186,4186;5998,24257;15737,31577;2653,16968;26137,74;29368,24815;32347,21832;8155,12354;7681,28987;7844,25638;23540,8673;14337,2964;14448,24383;7559,31879;16988,10334;11172,21793;19877,31234;10368,10613;5398,21254;20325,6472;20722,13400;18407,8836;5886,8534
310	
320	
330	
340	
350	
360	
370	
380	
390	
400	25247,27562;7147,19755;27893,6651;9158,6214;32412,21361;19076,8179;28578,11817;2160,17043;15984,21312;25642,13064;30908,26863;9800,2532;5259,25643;26362,27408;22014,2994;17034,4587;2580,6613;18063,15433;16417,9631;3065,10857;4849,1749;4000,30613;15927,1062;9338,29358;15690,14620;13330,3804;31407,13800;27159,5290;17048,23498;17762,7676;30816,11103;920,6112;20410,23406;30942,6599;5977,5272;23465,14315;29252,31933;12122,8119;4003,1493;18851,29162;19730,22956;21807,13317;27926,4075;22433,16429;18036,29528;23083,18866;99,12603;20777,15866;17071,4081;27158,2067;20451,30598;9127,18470;20975,32065;1417,12752;31261,29012;31845,26537;21972,12476;14529,15637;4127,12521;10054,815;30012,5182;25470,16445;21915,10490;23186,28453;11456,865;20335,25429;7605,2384;12411,12237;14472,4716;4,2550;31229,4527;32286,23420;19027,12050;4832,21639;14103,27487;6005,25224;6593,9591;29186,4186;5998,24257;15737,31577;2653,16968;26137,74;29368,24815;32347,21832;8155,12354;7681,28987;7844,25638;23540,8673;14337,2964;14448,24383;7559,31879;16988,10334;11172,21793;19877,31234;10368,10613;5398,21254;20325,6472;20722,13400;18407,8836;5886,8534
410	
420	
430	
440	
450	
460	
470	
480	
490	
500	25247,27562;7147,19755;27893,6651;9158,6214;32412,21361;19076,8179;28578,11817;2160,17043;15984,21312;25642,13064;30908,26863;9800,2532;5259,25643;26362,27408;22014,2994;17034,4587;2580,6613;18063,15433;16417,9631;3065,10857;4849,1749;4000,30613;15927,1062;9338,29358;15690,14620;13330,3804;31407,13800;27159,5290;17048,23498;17762,7676;30816,11103;920,6112;20410,23406;30942,6599;5977,5272;23465,14315;29252,31933;12122,8119;4003,1493;18851,29162;19730,22956;21807,13317;27926,4075;22433,16429;18036,29528;23083,18866;99,12603;20777,15866;17071,4081;27158,2067;20451,30598;9127,18470;20975,32065;1417,12752;31261,29012;31845,26537;21972,12476;14529,15637;4127,12521;10054,815;30012,5182;25470,16445;21915,10490;23186,28453;11456,865;20335,25429;7605,2384;12411,12237;14472,4716;4,2550;31229,4527;32286,23420;19027,12050;4832,21639;14103,27487;6005,25224;6593,9591;29186,4186;5998,24257;15737,31577;2653,16968;26137,74;29368,24815;32347,21832;8155,12354;7681,28987;7844,25638;23540,8673;14337,2964;14448,24383;7559,31879;16988,10334;11172,21793;19877,31234;10368,10613;5398,21254;20325,6472;20722,13400;18407,8836;5886,8534
510	
520	
530	
540	
550	
560	
570	
580	
590	
600	25247,27562;7147,19755;27893,6651;9158,6214;32412,21361;19076,8179;28578,11817;2160,17043;15984,21312;25642,13064;30908,26863;9800,2532;5259,25643;26362,27408;22014,2994;17034,4587;2580,6613;18063,15433;16417,9631;3065,10857;4849,1749;4000,30613;15927,1062;9338,29358;15690,14620;13330,3804;31407,13800;27159,5290;17048,23498;17762,7676;30816,11103;920,6112;20410,23406;30942,6599;5977,5272;23465,14315;29252,31933;12122,8119;4003,1493;18851,29162;19730,22956;21807,13317;27926,4075;22433,16429;18036,29528;23083,18866;99,12603;20777,15866;17071,4081;27158,2067;20451,30598;9127,18470;20975,32065;1417,12752;31261,29012;31845,26537;21972,12476;14529,15637;4127,12521;10054,815;30012,5182;25470,16445;21915,10490;23186,28453;11456,865;20335,25429;7605,2384;12411,12237;14472,4716;4,2550;31229,4527;32286,23420;19027,12050;4832,21639;14103,27487;6005,25224;6593,9591;29186,4186;5998,24257;15737,31577;2653,16968;26137,74;29368,24815;32347,21832;8155,12354;7681,28987;7844,25638;23540,8673;14337,2964;14448,24383;7559,31879;16988,10334;11172,21793;19877,31234;10368,10613;5398,21254;20325,6472;20722,13400;18407,8836;5886,8534
610	
620	
630	
640	
650	
660	
670	
680	
690	
700	25247,27562;7147,19755;27893,6651;9158,6214;32412,21361;19076,8179;28578,11817;2160,17043;15984,21312;25642,13064;30908,26863;9800,2532;5259,25643;26362,27408;22014,2994;17034,4587;2580,6613;18063,15433;16417,9631;3065,10857;4849,1749;4000,30613;15927,1062;9338,29358;15690,14620;13330,3804;31407,13800;27159,5290;17048,23498;17762,7676;30816,11103;920,6112;20410,23406;30942,6599;5977,5272;23465,14315;29252,31933;12122,8119;4003,1493;18851,29162;19730,22956;21807,13317;27926,4075;22433,16429;18036,29528;23083,18866;99,12603;20777,15866;17071,4081;27158,2067;20451,30598;9127,18470;20975,32065;1417,12752;31261,29012;31845,26537;21972,12476;14529,15637;4127,12521;10054,815;30012,5182;25470,16445;21915,10490;23186,28453;11456,865;20335,25429;7605,2384;12411,12237;14472,4716;4,2550;31229,4527;32286,23420;19027,12050;4832,21639;14103,27487;6005,25224;6593,9591;29186,4186;5998,24257;15737,31577;2653,16968;26137,74;29368,24815;32347,21832;8155,12354;7681,28987;7844,25638;23540,8673;14337,2964;14448,24383;7559,31879;16988,10334;11172,21793;19877,31234;10368,10613;5398,21254;20325,6472;20722,13400;18407,8836;5886,8534
710	
720	
730	
740	
750	
760	
770	
780	
790	
800	25247,27562;7147,19755;27893,6651;9158,6214;32412,21361;19076,8179;28578,11817;2160,17043;15984,21312;25642,13064;30908,26863;9800,2532;5259,25643;26362,27408;22014,2994;17034,4587;2580,6613;18063,15433;16417,9631;3065,10857;4849,1749;4000,30613;15927,1062;9338,29358;15690,14620;13330,3804;31407,13800;27159,5290;17048,23498;17762,7676;30816,11103;920,6112;20410,23406;30942,6599;5977,5272;23465,14315;29252,31933;12122,8119;4003,1493;18851,29162;19730,22956;21807,13317;27926,4075;22433,16429;18036,29528;23083,18866;99,12603;20777,15866;17071,4081;27158,2067;20451,30598;9127,18470;20975,32065;1417,12752;31261,29012;31845,26537;21972,12476;14529,15637;4127,12521;10054,815;30012,5182;25470,16445;21915,10490;23186,28453;11456,865;20335,25429;7605,2384;12411,12237;14472,4716;4,2550;31229,4527;32286,23420;19027,12050;4832,21639;14103,27487;6005,25224;6593,9591;29186,4186;5998,24257;15737,31577;2653,16968;26137,74;29368,24815;32347,21832;8155,12354;7681,28987;7844,25638;23540,8673;14337,2964;14448,24383;7559,31879;16988,10334;11172,21793;19877,31234;10368,10613;5398,21254;20325,6472;20722,13400;18407,8836;5886,8534
810	
820	
830	
840	
850	
860	
870	
880	
890	
900	25247,27562;7147,19755;27893,6651;9158,6214;32412,21361;19076,8179;28578,11817;2160,17043;15984,21312;25642,13064;30908,26863;9800,2532;5259,25643;26362,27408;22014,2994;17034,4587;2580,6613;18063,15433;16417,9631;3065,10857;4849,1749;4000,30613;15927,1062;9338,29358;15690,14620;13330,3804;31407,13800;27159,5290;17048,23498;17762,7676;30816,11103;920,6112;20410,23406;30942,6599;5977,5272;23465,14315;29252,31933;12122,8119;4003,1493;18851,29162;19730,22956;21807,13317;27926,4075;22433,16429;18036,29528;23083,18866;99,12603;20777,15866;17071,4081;27158,2067;20451,30598;9127,18470;20975,32065;1417,12752;31261,29012;31845,26537;21972,12476;14529,15637;4127,12521;10054,815;30012,5182;25470,16445;21915,10490;23186,28453;11456,865;20335,25429;7605,2384;12411,12237;14472,4716;4,2550;31229,4527;32286,23420;19027,12050;4832,21639;14103,27487;6005,25224;6593,9591;29186,4186;5998,24257;15737,31577;2653,16968;26137,74;29368,24815;32347,21832;8155,12354;7681,28987;7844,25638;23540,8673;14337,2964;14448,24383;7559,31879;16988,10334;11172,21793;19877,31234;10368,10613;5398,21254;20325,6472;20722,13400;18407,8836;5886,8534
910	
920	
930	
940	
950	
960	
970	
980	
990	
1000	25247,27562;7147,19755;27893,6651;9158,6214;32412,21361;19076,8179;28578,11817;2160,17043;15984,21312;25642,13064;30908,26863;9800,2532;5259,25643;26362,27408;22014,2994;17034,4587;2580,6613;18063,15433;16417,9631;3065,10857;4849,1749;4000,30613;15927,1062;9338,29358;15690,14620;13330,3804;31407,13800;27159,5290;17048,23498;17762,7676;30816,11103;920,6112;20410,23406;30942,6599;5977,5272;23465,14315;29252,31933;12122,8119;4003,1493;18851,29162;19730,22956;21807,13317;27926,4075;22433,16429;18036,29528;23083,18866;99,12603;20777,15866;17071,4081;27158,2067;20451,30598;9127,18470;20975,32065;1417,12752;31261,29012;31845,26537;21972,12476;14529,15637;4127,12521;10054,815;30012,5182;25470,16445;21915,10490;23186,28453;11456,865;20335,25429;7605,2384;12411,12237;14472,4716;4,2550;31229,4527;32286,23420;19027,12050;4832,21639;14103,27487;6005,25224;6593,9591;29186,4186;5998,24257;15737,31577;2653,16968;26137,74;29368,24815;32347,21832;8155,12354;7681,28987;7844,25638;23540,8673;14337,2964;14448,24383;7559,31879;16988,10334;11172,21793;19877,31234;10368,10613;5398,21254;20325,6472;20722,13400;18407,8836;5886,8534
1010	
1020	
1030	
1040	
1050	
1060	
1070	
1080	
1090	
1100	25247,27562;7147,19755;27893,6651;9158,6214;32412,21361;19076,8179;28578,11817;2160,17043;15984,21312;25642,13064;30908,26863;9800,2532;5259,25643;26362,27408;22014,2994;17034,4587;2580,6613;18063,15433;16417,9631;3065,10857;4849,1749;4000,30613;15927,1062;9338,29358;15690,14620;13330,3804;31407,13800;27159,5290;17048,23498;17762,7676;30816,11103;920,6112;20410,23406;30942,6599;5977,5272;23465,14315;29252,31933;12122,8119;4003,1493;18851,29162;19730,22956;21807,13317;27926,4075;22433,16429;18036,29528;23083,18866;99,12603;20777,15866;17071,4081;27158,2067;20451,30598;9127,18470;20975,32065;1417,12752;31261,29012;31845,26537;21972,12476;14529,15637;4127,12521;10054,815;30012,5182;25470,16445;21915,10490;23186,28453;11456,865;20335,25429;7605,2384;12411,12237;14472,4716;4,2550;31229,4527;32286,23420;19027,12050;4832,21639;14103,27487;6005,25224;6593,9591;29186,4186;5998,24257;15737,31577;2653,16968;26137,74;29368,24815;32347,21832;8155,12354;7681,28987;7844,25638;23540,8673;14337,2964;14448,24383;7559,31879;16988,10334;11172,21793;19877,31234;10368,10613;5398,21254;20325,6472;20722,13400;18407,8836;5886,8534
1110	
1120	
1130	
1140	
1150	
1160	
1170	
1180	
1190	
1200	25247,27562;7147,19755;27893,6651;9158,6214;32412,21361;19076,8179;28578,11817;2160,17043;15984,21312;25642,13064;30908,26863;9800,2532;5259,25643;26362,27408;22014,2994;17034,4587;2580,6613;18063,15433;16417,9631;3065,10857;4849,1749;4000,30613;15927,1062;9338,29358;15690,14620;13330,3804;31407,13800;27159,5290;17048,23498;17762,7676;30816,11103;920,6112;20410,23406;30942,6599;5977,5272;23465,14315;29252,31933;12122,8119;4003,1493;18851,29162;19730,22956;21807,13317;27926,4075;22433,16429;18036,29528;23083,18866;99,12603;20777,15866;17071,4081;27158,2067;20451,30598;9127,18470;20975,32065;1417,12752;31261,29012;31845,26537;21972,12476;14529,15637;4127,12521;10054,815;30012,5182;25470,16445;21915,10490;23186,28453;11456,865;20335,25429;7605,2384;12411,12237;14472,4716;4,2550;31229,4527;32286,23420;19027,12050;4832,21639;14103,27487;6005,25224;6593,9591;29186,4186;5998,24257;15737,31577;2653,16968;26137,74;29368,24815;32347,21832;8155,12354;7681,28987;7844,25638;23540,8673;14337,2964;14448,24383;7559,31879;16988,10334;11172,21793;19877,31234;10368,10613;5398,21254;20325,6472;20722,13400;18407,8836;5886,8534
1210	
1220	
1230	
1240	
1250	
1260	
1270	
1280	
1290	
1300	25247,27562;7147,19755;27893,6651;9158,6214;32412,21361;19076,8179;28578,11817;2160,17043;15984,21312;25642,13064;30908,26863;9800,2532;5259,25643;26362,27408;22014,2994;17034,4587;2580,6613;18063,15433;16417,9631;3065,10857;4849,1749;4000,30613;15927,1062;9338,29358;15690,14620;13330,3804;31407,13800;27159,5290;17048,23498;17762,7676;30816,11103;920,6112;20410,23406;30942,6599;5977,5272;23465,14315;29252,31933;12122,8119;4003,1493;18851,29162;19730,22956;21807,13317;27926,4075;22433,16429;18036,29528;23083,18866;99,12603;20777,15866;17071,4081;27158,2067;20451,30598;9127,18470;20975,32065;1417,12752;31261,29012;31845,26537;21972,12476;14529,15637;4127,12521;10054,815;30012,5182;25470,16445;21915,10490;23186,28453;11456,865;20335,25429;7605,2384;12411,12237;14472,4716;4,2550;31229,4527;32286,23420;19027,12050;4832,21639;14103,27487;6005,25224;6593,9591;29186,4186;5998,24257;15737,31577;2653,16968;26137,74;29368,24815;32347,21832;8155,12354;7681,28987;7844,25638;23540,8673;14337,2964;14448,24383;7559,31879;16988,10334;11172,21793;19877,31234;10368,10613;5398,21254;20325,6472;20722,13400;18407,8836;5886,8534
1310	
1320	
1330	
1340	
1350	
1360	
1370	
1380	
1390	
1400	25247,27562;7147,19755;27893,6651;9158,6214;32412,21361;19076,8179;28578,11817;2160,17043;15984,21312;25642,13064;30908,26863;9800,2532;5259,25643;26362,27408;22014,2994;17034,4587;2580,6613;18063,15433;16417,9631;3065,10857;4849,1749;4000,30613;15927,1062;9338,29358;15690,14620;13330,3804;31407,13800;27159,5290;17048,23498;17762,7676;30816,11103;920,6112;20410,23406;30942,6599;5977,5272;23465,14315;29252,31933;12122,8119;4003,1493;18851,29162;19730,22956;21807,13317;27926,4075;22433,16429;18036,29528;23083,18866;99,12603;20777,15866;17071,4081;27158,2067;20451,30598;9127,18470;20975,32065;1417,12752;31261,29012;31845,26537;21972,12476;14529,15637;4127,12521;10054,815;30012,5182;25470,16445;21915,10490;23186,28453;11456,865;20335,25429;7605,2384;12411,12237;14472,4716;4,2550;31229,4527;32286,23420;19027,12050;4832,21639;14103,27487;6005,25224;6593,9591;29186,4186;5998,24257;15737,31577;2653,16968;26137,74;29368,24815;32347,21832;8155,12354;7681,28987;7844,25638;23540,8673;14337,2964;14448,24383;7559,31879;16988,10334;11172,21793;19877,31234;10368,10613;5398,21254;20325,6472;20722,13400;18407,8836;5886,8534
1410	
1420	
1430	
1440	
1450	
1460	
1470	
1480	
1490	
1500	25247,27562;7147,19755;27893,6651;9158,6214;32412,21361;19076,8179;28578,11817;2160,17043;15984,21312;25642,13064;30908,26863;9800,2532;5259,25643;26362,27408;22014,2994;17034,4587;2580,6613;18063,15433;16417,9631;3065,10857;4849,1749;4000,30613;15927,1062;9338,29358;15690,14620;13330,3804;31407,13800;27159,5290;17048,23498;17762,7676;30816,11103;920,6112;20410,23406;30942,6599;5977,5272;23465,14315;29252,31933;12122,8119;4003,1493;18851,29162;19730,22956;21807,13317;27926,4075;22433,16429;18036,29528;23083,18866;99,12603;20777,15866;17071,4081;27158,2067;20451,30598;9127,18470;20975,32065;1417,12752;31261,29012;31845,26537;21972,12476;14529,15637;4127,12521;10054,815;30012,5182;25470,16445;21915,10490;23186,28453;11456,865;20335,25429;7605,2384;12411,12237;14472,4716;4,2550;31229,4527;32286,23420;19027,12050;4832,21639;14103,27487;6005,25224;6593,9591;29186,4186;5998,24257;15737,31577;2653,16968;26137,74;29368,24815;32347,21832;8155,12354;7681,28987;7844,25638;23540,8673;14337,2964;14448,24383;7559,31879;16988,10334;11172,21793;19877,31234;10368,10613;5398,21254;20325,6472;20722,13400;18407,8836;5886,8534
1510	
1520	
1530	
1540	
1550	
1560	
1570	
1580	
1590	
1600	25247,27562;7147,19755;27893,6651;9158,6214;32412,21361;19076,8179;28578,11817;2160,17043;15984,21312;25642,13064;30908,26863;9800,2532;5259,25643;26362,27408;22014,2994;17034,4587;2580,6613;18063,15433;16417,9631;3065,10857;4849,1749;4000,30613;15927,1062;9338,29358;15690,14620;13330,3804;31407,13800;27159,5290;17048,23498;17762,7676;30816,11103;920,6112;20410,23406;30942,6599;5977,5272;23465,14315;29252,31933;12122,8119;4003,1493;18851,29162;19730,22956;21807,13317;27926,4075;22433,16429;18036,29528;23083,18866;99,12603;20777,15866;17071,4081;27158,2067;20451,30598;9127,18470;20975,32065;1417,12752;31261,29012;31845,26537;21972,12476;14529,15637;4127,12521;10054,815;30012,5182;25470,16445;21915,10490;23186,28453;11456,865;20335,25429;7605,2384;12411,12237;14472,4716;4,2550;31229,4527;32286,23420;19027,12050;4832,21639;14103,27487;6005,25224;6593,9591;29186,4186;5998,24257;15737,31577;2653,16968;26137,74;29368,24815;32347,21832;8155,12354;7681,28987;7844,25638;23540,8673;14337,2964;14448,24383;7559,31879;16988,10334;11172,21793;19877,31234;10368,10613;5398,21254;20325,6472;20722,13400;18407,8836;5886,8534
1610	
1620	
1630	
1640	
1650	
1660	
1670	
1680	
1690	
1700	25247,27562;7147,19755;27893,6651;9158,6214;32412,21361;19076,8179;28578,11817;2160,17043;15984,21312;25642,13064;30908,26863;9800,2532;5259,25643;26362,27408;22014,2994;17034,4587;2580,6613;18063,15433;16417,9631;3065,10857;4849,1749;4000,30613;15927,1062;9338,29358;15690,14620;13330,3804;31407,13800;27159,5290;17048,23498;17762,7676;30816,11103;920,6112;20410,23406;30942,6599;5977,5272;23465,14315;29252,31933;12122,8119;4003,1493;18851,29162;19730,22956;21807,13317;27926,4075;22433,16429;18036,29528;23083,18866;99,12603;20777,15866;17071,4081;27158,2067;20451,30598;9127,18470;20975,32065;1417,12752;31261,29012;31845,26537;21972,12476;14529,15637;4127,12521;10054,815;30012,5182;25470,16445;21915,10490;23186,28453;11456,865;20335,25429;7605,2384;12411,12237;14472,4716;4,2550;31229,4527;32286,23420;19027,12050;4832,21639;14103,27487;6005,25224;6593,9591;29186,4186;5998,24257;15737,31577;2653,16968;26137,74;29368,24815;32347,21832;8155,12354;7681,28987;7844,25638;23540,8673;14337,2964;14448,24383;7559,31879;16988,10334;11172,21793;19877,31234;10368,10613;5398,21254;20325,6472;20722,13400;18407,8836;5886,8534
1710	
1720	
1730	
1740	
1750	
1760	
1770	
1780	
1790	
1800	25247,27562;7147,19755;27893,6651;9158,6214;32412,21361;19076,8179;28578,11817;2160,17043;15984,21312;25642,13064;30908,26863;9800,2532;5259,25643;26362,27408;22014,2994;17034,4587;2580,6613;18063,15433;16417,9631;3065,10857;4849,1749;4000,30613;15927,1062;9338,29358;15690,14620;13330,3804;31407,13800;27159,5290;17048,23498;17762,7676;30816,11103;920,6112;20410,23406;30942,6599;5977,5272;23465,14315;29252,31933;12122,8119;4003,1493;18851,29162;19730,22956;21807,13317;27926,4075;22433,16429;18036,29528;23083,18866;99,12603;20777,15866;17071,4081;27158,2067;20451,30598;9127,18470;20975,32065;1417,12752;31261,29012;31845,26537;21972,12476;14529,15637;4127,12521;10054,815;30012,5182;25470,16445;21915,10490;23186,28453;11456,865;20335,25429;7605,2384;12411,12237;14472,4716;4,2550;31229,4527;32286,23420;19027,12050;4832,21639;14103,27487;6005,25224;6593,9591;29186,4186;5998,24257;15737,31577;2653,16968;26137,74;29368,24815;32347,21832;8155,12354;7681,28987;7844,25638;23540,8673;14337,2964;14448,24383;7559,31879;16988,10334;11172,21793;19877,31234;10368,10613;5398,21254;20325,6472;20722,13400;18407,8836;5886,8534
1810	
1820	
1830	
1840	
1850	
1860	
1870	
1880	
1890	
1900	25247,27562;7147,19755;27893,6651;9158,6214;32412,21361;19076,8179;28578,11817;2160,17043;15984,21312;25642,13064;30908,26863;9800,2532;5259,25643;26362,27408;22014,2994;17034,4587;2580,6613;18063,15433;16417,9631;3065,10857;4849,1749;4000,30613;15927,1062;9338,29358;15690,14620;13330,3804;31407,13800;27159,5290;17048,23498;17762,7676;30816,11103;920,6112;20410,23406;30942,6599;5977,5272;23465,14315;29252,31933;12122,8119;4003,1493;18851,29162;19730,22956;21807,13317;27926,4075;22433,16429;18036,29528;23083,18866;99,12603;20777,15866;17071,4081;27158,2067;20451,30598;9127,18470;20975,32065;1417,12752;31261,29012;31845,26537;21972,12476;14529,15637;4127,12521;10054,815;30012,5182;25470,16445;21915,10490;23186,28453;11456,865;20335,25429;7605,2384;12411,12237;14472,4716;4,2550;31229,4527;32286,23420;19027,12050;4832,21639;14103,27487;6005,25224;6593,9591;29186,4186;5998,24257;15737,31577;2653,16968;26137,74;29368,24815;32347,21832;8155,12354;7681,28987;7844,25638;23540,8673;14337,2964;14448,24383;7559,31879;16988,10334;11172,21793;19877,31234;10368,10613;5398,21254;20325,6472;20722,13400;18407,8836;5886,8534
1910	
1920	
1930	
1940	
1950	
1960	
1970	
1980	
1990	
2000	25247,27562;7147,19755;27893,6651;9158,6214;32412,21361;19076,8179;28578,11817;2160,17043;15984,21312;25642,13064;30908,26863;9800,2532;5259,25643;26362,27408;22014,2994;17034,4587;2580,6613;18063,15433;16417,9631;3065,10857;4849,1749;4000,30613;15927,1062;9338,29358;15690,14620;13330,3804;31407,13800;27159,5290;17048,23498;17762,7676;30816,11103;920,6112;20410,23406;30942,6599;5977,5272;23465,14315;29252,31933;12122,8119;4003,1493;18851,29162;19730,22956;21807,13317;27926,4075;22433,16429;18036,29528;23083,18866;99,12603;20777,15866;17071,4081;27158,2067;20451,30598;9127,18470;20975,32065;1417,12752;31261,29012;31845,26537;21972,12476;14529,15637;4127,12521;10054,815;30012,5182;25470,16445;21915,10490;23186,28453;11456,865;20335,25429;7605,2384;12411,12237;14472,4716;4,2550;31229,4527;32286,23420;19027,12050;4832,21639;14103,27487;6005,25224;6593,9591;29186,4186;5998,24257;15737,31577;2653,16968;26137,74;29368,24815;32347,21832;8155,12354;7681,28987;7844,25638;23540,8673;14337,2964;14448,24383;7559,31879;16988,10334;11172,21793;19877,31234;10368,10613;5398,21254;20325,6472;20722,13400;18407,8836;5886,8534
2010	
2020	
2030	
2040	
2050	
2060	
2070	
2080	
2090	
2100	25247,27562;7147,19755;27893,6651;9158,6214;32412,21361;19076,8179;28578,11817;2160,17043;15984,21312;25642,13064;30908,26863;9800,2532;5259,25643;26362,27408;22014,2994;17034,4587;2580,6613;18063,15433;16417,9631;3065,10857;4849,1749;4000,30613;15927,1062;9338,29358;15690,14620;13330,3804;31407,13800;27159,5290;17048,23498;17762,7676;30816,11103;920,6112;20410,23406;30942,6599;5977,5272;23465,14315;29252,31933;12122,8119;4003,1493;18851,29162;19730,22956;21807,13317;27926,4075;22433,16429;18036,29528;23083,18866;99,12603;20777,15866;17071,4081;27158,2067;20451,30598;9127,18470;20975,32065;1417,12752;31261,29012;31845,26537;21972,12476;14529,15637;4127,12521;10054,815;30012,5182;25470,16445;21915,10490;23186,28453;11456,865;20335,25429;7605,2384;12411,12237;14472,4716;4,2550;31229,4527;32286,23420;19027,12050;4832,21639;14103,27487;6005,25224;6593,9591;29186,4186;5998,24257;15737,31577;2653,16968;26137,74;29368,24815;32347,21832;8155,12354;7681,28987;7844,25638;23540,8673;14337,2964;14448,24383;7559,31879;16988,10334;11172,21793;19877,31234;10368,10613;5398,21254;20325,6472;20722,13400;18407,8836;5886,8534
2110	
2120	
2130	
2140	
2150	
2160	
2170	
2180	
2190	
2200	25247,27562;7147,19755;27893,6651;9158,6214;32412,21361;19076,8179;28578,11817;2160,17043;15984,21312;25642,13064;30908,26863;9800,2532;5259,25643;26362,27408;22014,2994;17034,4587;2580,6613;18063,15433;16417,9631;3065,10857;4849,1749;4000,30613;15927,1062;9338,29358;15690,14620;13330,3804;31407,13800;27159,5290;17048,23498;17762,7676;30816,11103;920,6112;20410,23406;30942,6599;5977,5272;23465,14315;29252,31933;12122,8119;4003,1493;18851,29162;19730,22956;21807,13317;27926,4075;22433,16429;18036,29528;23083,18866;99,12603;20777,15866;17071,4081;27158,2067;20451,30598;9127,18470;20975,32065;1417,12752;31261,29012;31845,26537;21972,12476;14529,15637;4127,12521;10054,815;30012,5182;25470,16445;21915,10490;23186,28453;11456,865;20335,25429;7605,2384;12411,12237;14472,4716;4,2550;31229,4527;32286,23420;19027,12050;4832,21639;14103,27487;6005,25224;6593,9591;29186,4186;5998,24257;15737,31577;2653,16968;26137,74;29368,24815;32347,21832;8155,12354;7681,28987;7844,25638;23540,8673;14337,2964;14448,24383;7559,31879;16988,10334;11172,21793;19877,31234;10368,10613;5398,21254;20325,6472;20722,13400;18407,8836;5886,8534
2210	
2220	
2230	
2240	
2250	
2260	
2270	
2280	
2290	
2300	25247,27562;7147,19755;27893,6651;9158,6214;32412,21361;19076,8179;28578,11817;2160,17043;15984,21312;25642,13064;30908,26863;9800,2532;5259,25643;26362,27408;22014,2994;17034,4587;2580,6613;18063,15433;16417,9631;3065,10857;4849,1749;4000,30613;15927,1062;9338,29358;15690,14620;13330,3804;31407,13800;27159,5290;17048,23498;17762,7676;30816,11103;920,6112;20410,23406;30942,6599;5977,5272;23465,14315;29252,31933;12122,8119;4003,1493;18851,29162;19730,22956;21807,13317;27926,4075;22433,16429;18036,29528;23083,18866;99,12603;20777,15866;17071,4081;27158,2067;20451,30598;9127,18470;20975,32065;1417,12752;31261,29012;31845,26537;21972,12476;14529,15637;4127,12521;10054,815;30012,5182;25470,16445;21915,10490;23186,28453;11456,865;20335,25429;7605,2384;12411,12237;14472,4716;4,2550;31229,4527;32286,23420;19027,12050;4832,21639;14103,27487;6005,25224;6593,9591;29186,4186;5998,24257;15737,31577;2653,16968;26137,74;29368,24815;32347,21832;8155,12354;7681,28987;7844,25638;23540,8673;14337,2964;14448,24383;7559,31879;16988,10334;11172,21793;19877,31234;10368,10613;5398,21254;20325,6472;20722,13400;18407,8836;5886,8534
2310	
2320	
2330	
2340	
2350	
2360	
2370	
2380	
2390	
2400	25247,27562;7147,19755;27893,6651;9158,6214;32412,21361;19076,8179;28578,11817;2160,17043;15984,21312;25642,13064;30908,26863;9800,2532;5259,25643;26362,27408;22014,2994;17034,4587;2580,6613;18063,15433;16417,9631;3065,10857;4849,1749;4000,30613;15927,1062;9338,29358;15690,14620;13330,3804;31407,13800;27159,5290;17048,23498;17762,7676;30816,11103;920,6112;20410,23406;30942,6599;5977,5272;23465,14315;29252,31933;12122,8119;4003,1493;18851,29162;19730,22956;21807,13317;27926,4075;22433,16429;18036,29528;23083,18866;99,12603;20777,15866;17071,4081;27158,2067;20451,30598;9127,18470;20975,32065;1417,12752;31261,29012;31845,26537;21972,12476;14529,15637;4127,12521;10054,815;30012,5182;25470,16445;21915,10490;23186,28453;11456,865;20335,25429;7605,2384;12411,12237;14472,4716;4,2550;31229,4527;32286,23420;19027,12050;4832,21639;14103,27487;6005,25224;6593,9591;29186,4186;5998,24257;15737,31577;2653,16968;26137,74;29368,24815;32347,21832;8155,12354;7681,28987;7844,25638;23540,8673;14337,2964;14448,24383;7559,31879;16988,10334;11172,21793;19877,31234;10368,10613;5398,21254;20325,6472;20722,13400;18407,8836;5886,8534
2410	
2420	
2430	
2440	
2450	
2460	
2470	
2480	
2490	
2500	25247,27562;7147,19755;27893,6651;9158,6214;32412,21361;19076,8179;28578,11817;2160,17043;15984,21312;25642,13064;30908,26863;9800,2532;5259,25643;26362,27408;22014,2994;17034,4587;2580,6613;18063,15433;16417,9631;3065,10857;4849,1749;4000,30613;15927,1062;9338,29358;15690,14620;13330,3804;31407,13800;27159,5290;17048,23498;17762,7676;30816,11103;920,6112;20410,23406;30942,6599;5977,5272;23465,14315;29252,31933;12122,8119;4003,1493;18851,29162;19730,22956;21807,13317;27926,4075;22433,16429;18036,29528;23083,18866;99,12603;20777,15866;17071,4081;27158,2067;20451,30598;9127,18470;20975,32065;1417,12752;31261,29012;31845,26537;21972,12476;14529,15637;4127,12521;10054,815;30012,5182;25470,16445;21915,10490;23186,28453;11456,865;20335,25429;7605,2384;12411,12237;14472,4716;4,2550;31229,4527;32286,23420;19027,12050;4832,21639;14103,27487;6005,25224;6593,9591;29186,4186;5998,24257;15737,31577;2653,16968;26137,74;29368,24815;32347,21832;8155,12354;7681,28987;7844,25638;23540,8673;14337,2964;14448,24383;7559,31879;16988,10334;11172,21793;19877,31234;10368,10613;5398,21254;20325,6472;20722,13400;18407,8836;5886,8534
2510	
2520	
2530	
2540	
2550	
2560	
2570	
2580	
2590	
2600	25247,27562;7147,19755;27893,6651;9158,6214;32412,21361;19076,8179;28578,11817;2160,17043;15984,21312;25642,13064;30908,26863;9800,2532;5259,25643;26362,27408;22014,2994;17034,4587;2580,6613;18063,15433;16417,9631;3065,10857;4849,1749;4000,30613;15927,1062;9338,29358;15690,14620;13330,3804;31407,13800;27159,5290;17048,23498;17762,7676;30816,11103;920,6112;20410,23406;30942,6599;5977,5272;23465,14315;29252,31933;12122,8119;4003,1493;18851,29162;19730,22956;21807,13317;27926,4075;22433,16429;18036,29528;23083,18866;99,12603;20777,15866;17071,4081;27158,2067;20451,30598;9127,18470;20975,32065;1417,12752;31261,29012;31845,26537;21972,12476;14529,15637;4127,12521;10054,815;30012,5182;25470,16445;21915,10490;23186,28453;11456,865;20335,25429;7605,2384;12411,12237;14472,4716;4,2550;31229,4527;32286,23420;19027,12050;4832,21639;14103,27487;6005,25224;6593,9591;29186,4186;5998,24257;15737,31577;2653,16968;26137,74;29368,24815;32347,21832;8155,12354;7681,28987;7844,25638;23540,8673;14337,2964;14448,24383;7559,31879;16988,10334;11172,21793;19877,31234;10368,10613;5398,21254;20325,6472;20722,13400;18407,8836;5886,8534
2610	
2620	
2630	
2640	
2650	
2660	
2670	
2680	
2690	
2700	25247,27562;7147,19755;27893,6651;9158,6214;32412,21361;19076,8179;28578,11817;2160,17043;15984,21312;25642,13064;30908,26863;9800,2532;5259,25643;26362,27408;22014,2994;17034,4587;2580,6613;18063,15433;16417,9631;3065,10857;4849,1749;4000,30613;15927,1062;9338,29358;15690,14620;13330,3804;31407,13800;27159,5290;17048,23498;17762,7676;30816,11103;920,6112;20410,23406;30942,6599;5977,5272;23465,14315;29252,31933;12122,8119;4003,1493;18851,29162;19730,22956;21807,13317;27926,4075;22433,16429;18036,29528;23083,18866;99,12603;20777,15866;17071,4081;27158,2067;20451,30598;9127,18470;20975,32065;1417,12752;31261,29012;31845,26537;21972,12476;14529,15637;4127,12521;10054,815;30012,5182;25470,16445;21915,10490;23186,28453;11456,865;20335,25429;7605,2384;12411,12237;14472,4716;4,2550;31229,4527;32286,23420;19027,12050;4832,21639;14103,27487;6005,25224;6593,9591;29186,4186;5998,24257;15737,31577;2653,16968;26137,74;29368,24815;32347,21832;8155,12354;7681,28987;7844,25638;23540,8673;14337,2964;14448,24383;7559,31879;16988,10334;11172,21793;19877,31234;10368,10613;5398,21254;20325,6472;20722,13400;18407,8836;5886,8534
2710	
2720	
2730	
2740	
2750	
2760	
2770	
2780	
2790	
2800	25247,27562;7147,19755;27893,6651;9158,6214;32412,21361;19076,8179;28578,11817;2160,17043;15984,21312;25642,13064;30908,26863;9800,2532;5259,25643;26362,27408;22014,2994;17034,4587;2580,6613;18063,15433;16417,9631;3065,10857;4849,1749;4000,30613;15927,1062;9338,29358;15690,14620;13330,3804;31407,13800;27159,5290;17048,23498;17762,7676;30816,11103;920,6112;20410,23406;30942,6599;5977,5272;23465,14315;29252,31933;12122,8119;4003,1493;18851,29162;19730,22956;21807,13317;27926,4075;22433,16429;18036,29528;23083,18866;99,12603;20777,15866;17071,4081;27158,2067;20451,30598;9127,18470;20975,32065;1417,12752;31261,29012;31845,26537;21972,12476;14529,15637;4127,12521;10054,815;30012,5182;25470,16445;21915,10490;23186,28453;11456,865;20335,25429;7605,2384;12411,12237;14472,4716;4,2550;31229,4527;32286,23420;19027,12050;4832,21639;14103,27487;6005,25224;6593,9591;29186,4186;5998,24257;15737,31577;2653,16968;26137,74;29368,24815;32347,21832;8155,12354;7681,28987;7844,25638;23540,8673;14337,2964;14448,24383;7559,31879;16988,10334;11172,21793;19877,31234;10368,10613;5398,21254;20325,6472;20722,13400;18407,8836;5886,8534
2810	
2820	
2830	
2840	
2850	
2860	
2870	
2880	
2890	
2900	25247,27562;7147,19755;27893,6651;9158,6214;32412,21361;19076,8179;28578,11817;2160,17043;15984,21312;25642,13064;30908,26863;9800,2532;5259,25643;26362,27408;22014,2994;17034,4587;2580,6613;18063,15433;16417,9631;3065,10857;4849,1749;4000,30613;15927,1062;9338,29358;15690,14620;13330,3804;31407,13800;27159,5290;17048,23498;17762,7676;30816,11103;920,6112;20410,23406;30942,6599;5977,5272;23465,14315;29252,31933;12122,8119;4003,1493;18851,29162;19730,22956;21807,13317;27926,4075;22433,16429;18036,29528;23083,18866;99,12603;20777,15866;17071,4081;27158,2067;20451,30598;9127,18470;20975,32065;1417,12752;31261,29012;31845,26537;21972,12476;14529,15637;4127,12521;10054,815;30012,5182;25470,16445;21915,10490;23186,28453;11456,865;20335,25429;7605,2384;12411,12237;14472,4716;4,2550;31229,4527;32286,23420;19027,12050;4832,21639;14103,27487;6005,25224;6593,9591;29186,4186;5998,24257;15737,31577;2653,16968;26137,74;29368,24815;32347,21832;8155,12354;7681,28987;7844,25638;23540,8673;14337,2964;14448,24383;7559,31879;16988,10334;11172,21793;19877,31234;10368,10613;5398,21254;20325,6472;20722,13400;18407,8836;5886,8534
2910	
2920	
2930	
2940	
2950	
2960	
2970	
2980	
2990	
3000	25247,27562;7147,19755;27893,6651;9158,6214;32412,21361;19076,8179;28578,11817;2160,17043;15984,21312;25642,13064;30908,26863;9800,2532;5259,25643;26362,27408;22014,2994;17034,4587;2580,6613;18063,15433;16417,9631;3065,10857;4849,1749;4000,30613;15927,1062;9338,29358;15690,14620;13330,3804;31407,13800;27159,5290;17048,23498;17762,7676;30816,11103;920,6112;20410,23406;30942,6599;5977,5272;23465,14315;29252,31933;12122,8119;4003,1493;18851,29162;19730,22956;21807,13317;27926,4075;22433,16429;18036,29528;23083,18866;99,12603;20777,15866;17071,4081;27158,2067;20451,30598;9127,18470;20975,32065;1417,12752;31261,29012;31845,26537;21972,12476;14529,15637;4127,12521;10054,815;30012,5182;25470,16445;21915,10490;23186,28453;11456,865;20335,25429;7605,2384;12411,12237;14472,4716;4,2550;31229,4527;32286,23420;19027,12050;4832,21639;14103,27487;6005,25224;6593,9591;29186,4186;5998,24257;15737,31577;2653,16968;26137,74;29368,24815;32347,21832;8155,12354;7681,28987;7844,25638;23540,8673;14337,2964;14448,24383;7559,31879;16988,10334;11172,21793;19877,31234;10368,10613;5398,21254;20325,6472;20722,13400;18407,8836;5886,8534
3010	
3020	
3030	
3040	
3050	
3060	
3070	
3080	
3090	
3100	25247,27562;7147,19755;27893,6651;9158,6214;32412,21361;19076,8179;28578,11817;2160,17043;15984,21312;25642,13064;30908,26863;9800,2532;5259,25643;26362,27408;22014,2994;17034,4587;2580,6613;18063,15433;16417,9631;3065,10857;4849,1749;4000,30613;15927,1062;9338,29358;15690,14620;13330,3804;31407,13800;27159,5290;17048,23498;17762,7676;30816,11103;920,6112;20410,23406;30942,6599;5977,5272;23465,14315;29252,31933;12122,8119;4003,1493;18851,29162;19730,22956;21807,13317;27926,4075;22433,16429;18036,29528;23083,18866;99,12603;20777,15866;17071,4081;27158,2067;20451,30598;9127,18470;20975,32065;1417,12752;31261,29012;31845,26537;21972,12476;14529,15637;4127,12521;10054,815;30012,5182;25470,16445;21915,10490;23186,28453;11456,865;20335,25429;7605,2384;12411,12237;14472,4716;4,2550;31229,4527;32286,23420;19027,12050;4832,21639;14103,27487;6005,25224;6593,9591;29186,4186;5998,24257;15737,31577;2653,16968;26137,74;29368,24815;32347,21832;8155,12354;7681,28987;7844,25638;23540,8673;14337,2964;14448,24383;7559,31879;16988,10334;11172,21793;19877,31234;10368,10613;5398,21254;20325,6472;20722,13400;18407,8836;5886,8534
3110	
3120	
3130	
3140	
3150	
3160	
3170	
3180	
3190	
3200	25247,27562;7147,19755;27893,6651;9158,6214;32412,21361;19076,8179;28578,11817;2160,17043;15984,21312;25642,13064;30908,26863;9800,2532;5259,25643;26362,27408;22014,2994;17034,4587;2580,6613;18063,15433;16417,9631;3065,10857;4849,1749;4000,30613;15927,1062;9338,29358;15690,14620;13330,3804;31407,13800;27159,5290;17048,23498;17762,7676;30816,11103;920,6112;20410,23406;30942,6599;5977,5272;23465,14315;29252,31933;12122,8119;4003,1493;18851,29162;19730,22956;21807,13317;27926,4075;22433,16429;18036,29528;23083,18866;99,12603;20777,15866;17071,4081;27158,2067;20451,30598;9127,18470;20975,32065;1417,12752;31261,29012;31845,26537;21972,12476;14529,15637;4127,12521;10054,815;30012,5182;25470,16445;21915,10490;23186,28453;11456,865;20335,25429;7605,2384;12411,12237;14472,4716;4,2550;31229,4527;32286,23420;19027,12050;4832,21639;14103,27487;6005,25224;6593,9591;29186,4186;5998,24257;15737,31577;2653,16968;26137,74;29368,24815;32347,21832;8155,12354;7681,28987;7844,25638;23540,8673;14337,2964;14448,24383;7559,31879;16988,10334;11172,21793;19877,31234;10368,10613;5398,21254;20325,6472;20722,13400;18407,8836;5886,8534
3210	
3220	
3230	
3240	
3250	
3260	
3270	
3280	
3290	
3300	25247,27562;7147,19755;27893,6651;9158,6214;32412,21361;19076,8179;28578,11817;2160,17043;15984,21312;25642,13064;30908,26863;9800,2532;5259,25643;26362,27408;22014,2994;17034,4587;2580,6613;18063,15433;16417,9631;3065,10857;4849,1749;4000,30613;15927,1062;9338,29358;15690,14620;13330,3804;31407,13800;27159,5290;17048,23498;17762,7676;30816,11103;920,6112;20410,23406;30942,6599;5977,5272;23465,14315;29252,31933;12122,8119;4003,1493;18851,29162;19730,22956;21807,13317;27926,4075;22433,16429;18036,29528;23083,18866;99,12603;20777,15866;17071,4081;27158,2067;20451,30598;9127,18470;20975,32065;1417,12752;31261,29012;31845,26537;21972,12476;14529,15637;4127,12521;10054,815;30012,5182;25470,16445;21915,10490;23186,28453;11456,865;20335,25429;7605,2384;12411,12237;14472,4716;4,2550;31229,4527;32286,23420;19027,12050;4832,21639;14103,27487;6005,25224;6593,9591;29186,4186;5998,24257;15737,31577;2653,16968;26137,74;29368,24815;32347,21832;8155,12354;7681,28987;7844,25638;23540,8673;14337,2964;14448,24383;7559,31879;16988,10334;11172,21793;19877,31234;10368,10613;5398,21254;20325,6472;20722,13400;18407,8836;5886,8534
3310	
3320	
3330	
3340	
3350	
3360	
3370	
3380	
3390	
3400	25247,27562;7147,19755;27893,6651;9158,6214;32412,21361;19076,8179;28578,11817;2160,17043;15984,21312;25642,13064;30908,26863;9800,2532;5259,25643;26362,27408;22014,2994;17034,4587;2580,6613;18063,15433;16417,9631;3065,10857;4849,1749;4000,30613;15927,1062;9338,29358;15690,14620;13330,3804;31407,13800;27159,5290;17048,23498;17762,7676;30816,11103;920,6112;20410,23406;30942,6599;5977,5272;23465,14315;29252,31933;12122,8119;4003,1493;18851,29162;19730,22956;21807,13317;27926,4075;22433,16429;18036,29528;23083,18866;99,12603;20777,15866;17071,4081;27158,2067;20451,30598;9127,18470;20975,32065;1417,12752;31261,29012;31845,26537;21972,12476;14529,15637;4127,12521;10054,815;30012,5182;25470,16445;21915,10490;23186,28453;11456,865;20335,25429;7605,2384;12411,12237;14472,4716;4,2550;31229,4527;32286,23420;19027,12050;4832,21639;14103,27487;6005,25224;6593,9591;29186,4186;5998,24257;15737,31577;2653,16968;26137,74;29368,24815;32347,21832;8155,12354;7681,28987;7844,25638;23540,8673;14337,2964;14448,24383;7559,31879;16988,10334;11172,21793;19877,31234;10368,10613;5398,21254;20325,6472;20722,13400;18407,8836;5886,8534
3410	
3420	
3430	
3440	
3450	
3460	
3470	
3480	
3490	
3500	25247,27562;7147,19755;27893,6651;9158,6214;32412,21361;19076,8179;28578,11817;2160,17043;15984,21312;25642,13064;30908,26863;9800,2532;5259,25643;26362,27408;22014,2994;17034,4587;2580,6613;18063,15433;16417,9631;3065,10857;4849,1749;4000,30613;15927,1062;9338,29358;15690,14620;13330,3804;31407,13800;27159,5290;17048,23498;17762,7676;30816,11103;920,6112;20410,23406;30942,6599;5977,5272;23465,14315;29252,31933;12122,8119;4003,1493;18851,29162;19730,22956;21807,13317;27926,4075;22433,16429;18036,29528;23083,18866;99,12603;20777,15866;17071,4081;27158,2067;20451,30598;9127,18470;20975,32065;1417,12752;31261,29012;31845,26537;21972,12476;14529,15637;4127,12521;10054,815;30012,5182;25470,16445;21915,10490;23186,28453;11456,865;20335,25429;7605,2384;12411,12237;14472,4716;4,2550;31229,4527;32286,23420;19027,12050;4832,21639;14103,27487;6005,25224;6593,9591;29186,4186;5998,24257;15737,31577;2653,16968;26137,74;29368,24815;32347,21832;8155,12354;7681,28987;7844,25638;23540,8673;14337,2964;14448,24383;7559,31879;16988,10334;11172,21793;19877,31234;10368,10613;5398,21254;20325,6472;20722,13400;18407,8836;5886,8534
3510	
3520	
3530	
3540	
3550	
3560	
3570	
3580	
3590	
3600	25247,27562;7147,19755;27893,6651;9158,6214;32412,21361;19076,8179;28578,11817;2160,17043;15984,21312;25642,13064;30908,26863;9800,2532;5259,25643;26362,27408;22014,2994;17034,4587;2580,6613;18063,15433;16417,9631;3065,10857;4849,1749;4000,30613;15927,1062;9338,29358;15690,14620;13330,3804;31407,13800;27159,5290;17048,23498;17762,7676;30816,11103;920,6112;20410,23406;30942,6599;5977,5272;23465,14315;29252,31933;12122,8119;4003,1493;18851,29162;19730,22956;21807,13317;27926,4075;22433,16429;18036,29528;23083,18866;99,12603;20777,15866;17071,4081;27158,2067;20451,30598;9127,18470;20975,32065;1417,12752;31261,29012;31845,26537;21972,12476;14529,15637;4127,12521;10054,815;30012,5182;25470,16445;21915,10490;23186,28453;11456,865;20335,25429;7605,2384;12411,12237;14472,4716;4,2550;31229,4527;32286,23420;19027,12050;4832,21639;14103,27487;6005,25224;6593,9591;29186,4186;5998,24257;15737,31577;2653,16968;26137,74;29368,24815;32347,21832;8155,12354;7681,28987;7844,25638;23540,8673;14337,2964;14448,24383;7559,31879;16988,10334;11172,21793;19877,31234;10368,10613;5398,21254;20325,6472;20722,13400;18407,8836;5886,8534
3610	
3620	
3630	
3640	
3650	
3660	
3670	
3680	
3690	
3700	25247,27562;7147,19755;27893,6651;9158,6214;32412,21361;19076,8179;28578,11817;2160,17043;15984,21312;25642,13064;30908,26863;9800,2532;5259,25643;26362,27408;22014,2994;17034,4587;2580,6613;18063,15433;16417,9631;3065,10857;4849,1749;4000,30613;15927,1062;9338,29358;15690,14620;13330,3804;31407,13800;27159,5290;17048,23498;17762,7676;30816,11103;920,6112;20410,23406;30942,6599;5977,5272;23465,14315;29252,31933;12122,8119;4003,1493;18851,29162;19730,22956;21807,13317;27926,4075;22433,16429;18036,29528;23083,18866;99,12603;20777,15866;17071,4081;27158,2067;20451,30598;9127,18470;20975,32065;1417,12752;31261,29012;31845,26537;21972,12476;14529,15637;4127,12521;10054,815;30012,5182;25470,16445;21915,10490;23186,28453;11456,865;20335,25429;7605,2384;12411,12237;14472,4716;4,2550;31229,4527;32286,23420;19027,12050;4832,21639;14103,27487;6005,25224;6593,9591;29186,4186;5998,24257;15737,31577;2653,16968;26137,74;29368,24815;32347,21832;8155,12354;7681,28987;7844,25638;23540,8673;14337,2964;14448,24383;7559,31879;16988,10334;11172,21793;19877,31234;10368,10613;5398,21254;20325,6472;20722,13400;18407,8836;5886,8534
3710	
3720	
3730	
3740	
3750	
3760	
3770	
3780	
3790	
3800	25247,27562;7147,19755;27893,6651;9158,6214;32412,21361;19076,8179;28578,11817;2160,17043;15984,21312;25642,13064;30908,26863;9800,2532;5259,25643;26362,27408;22014,2994;17034,4587;2580,6613;18063,15433;16417,9631;3065,10857;4849,1749;4000,30613;15927,1062;9338,29358;15690,14620;13330,3804;31407,13800;27159,5290;17048,23498;17762,7676;30816,11103;920,6112;20410,23406;30942,6599;5977,5272;23465,14315;29252,31933;12122,8119;4003,1493;18851,29162;19730,22956;21807,13317;27926,4075;22433,16429;18036,29528;23083,18866;99,12603;20777,15866;17071,4081;27158,2067;20451,30598;9127,18470;20975,32065;1417,12752;31261,29012;31845,26537;21972,12476;14529,15637;4127,12521;10054,815;30012,5182;25470,16445;21915,10490;23186,28453;11456,865;20335,25429;7605,2384;12411,12237;14472,4716;4,2550;31229,4527;32286,23420;19027,12050;4832,21639;14103,27487;6005,25224;6593,9591;29186,4186;5998,24257;15737,31577;2653,16968;26137,74;29368,24815;32347,21832;8155,12354;7681,28987;7844,25638;23540,8673;14337,2964;14448,24383;7559,31879;16988,10334;11172,21793;19877,31234;10368,10613;5398,21254;20325,6472;20722,13400;18407,8836;5886,8534
3810	
3820	
3830	
3840	
3850	
3860	
3870	
3880	
3890	
3900	25247,27562;7147,19755;27893,6651;9158,6214;32412,21361;19076,8179;28578,11817;2160,17043;15984,21312;25642,13064;30908,26863;9800,2532;5259,25643;26362,27408;22014,2994;17034,4587;2580,6613;18063,15433;16417,9631;3065,10857;4849,1749;4000,30613;15927,1062;9338,29358;15690,14620;13330,3804;31407,13800;27159,5290;17048,23498;17762,7676;30816,11103;920,6112;20410,23406;30942,6599;5977,5272;23465,14315;29252,31933;12122,8119;4003,1493;18851,29162;19730,22956;21807,13317;27926,4075;22433,16429;18036,29528;23083,18866;99,12603;20777,15866;17071,4081;27158,2067;20451,30598;9127,18470;20975,32065;1417,12752;31261,29012;31845,26537;21972,12476;14529,15637;4127,12521;10054,815;30012,5182;25470,16445;21915,10490;23186,28453;11456,865;20335,25429;7605,2384;12411,12237;14472,4716;4,2550;31229,4527;32286,23420;19027,12050;4832,21639;14103,27487;6005,25224;6593,9591;29186,4186;5998,24257;15737,31577;2653,16968;26137,74;29368,24815;32347,21832;8155,12354;7681,28987;7844,25638;23540,8673;14337,2964;14448,24383;7559,31879;16988,10334;11172,21793;19877,31234;10368,10613;5398,21254;20325,6472;20722,13400;18407,8836;5886,8534
3910	
3920	
3930	
3940	
3950	
3960	
3970	
3980	
3990	
4000	25247,27562;7147,19755;27893,6651;9158,6214;32412,21361;19076,8179;28578,11817;2160,17043;15984,21312;25642,13064;30908,26863;9800,2532;5259,25643;26362,27408;22014,2994;17034,4587;2580,6613;18063,15433;16417,9631;3065,10857;4849,1749;4000,30613;15927,1062;9338,29358;15690,14620;13330,3804;31407,13800;27159,5290;17048,23498;17762,7676;30816,11103;920,6112;20410,23406;30942,6599;5977,5272;23465,14315;29252,31933;12122,8119;4003,1493;18851,29162;19730,22956;21807,13317;27926,4075;22433,16429;18036,29528;23083,18866;99,12603;20777,15866;17071,4081;27158,2067;20451,30598;9127,18470;20975,32065;1417,12752;31261,29012;31845,26537;21972,12476;14529,15637;4127,12521;10054,815;30012,5182;25470,16445;21915,10490;23186,28453;11456,865;20335,25429;7605,2384;12411,12237;14472,4716;4,2550;31229,4527;32286,23420;19027,12050;4832,21639;14103,27487;6005,25224;6593,9591;29186,4186;5998,24257;15737,31577;2653,16968;26137,74;29368,24815;32347,21832;8155,12354;7681,28987;7844,25638;23540,8673;14337,2964;14448,24383;7559,31879;16988,10334;11172,21793;19877,31234;10368,10613;5398,21254;20325,6472;20722,13400;18407,8836;5886,8534
4010	
4020	
4030	
4040	
4050	
4060	
4070	
4080	
4090	
4100	25247,27562;7147,19755;27893,6651;9158,6214;32412,21361;19076,8179;28578,11817;2160,17043;15984,21312;25642,13064;30908,26863;9800,2532;5259,25643;26362,27408;22014,2994;17034,4587;2580,6613;18063,15433;16417,9631;3065,10857;4849,1749;4000,30613;15927,1062;9338,29358;15690,14620;13330,3804;31407,13800;27159,5290;17048,23498;17762,7676;30816,11103;920,6112;20410,23406;30942,6599;5977,5272;23465,14315;29252,31933;12122,8119;4003,1493;18851,29162;19730,22956;21807,13317;27926,4075;22433,16429;18036,29528;23083,18866;99,12603;20777,15866;17071,4081;27158,2067;20451,30598;9127,18470;20975,32065;1417,12752;31261,29012;31845,26537;21972,12476;14529,15637;4127,12521;10054,815;30012,5182;25470,16445;21915,10490;23186,28453;11456,865;20335,25429;7605,2384;12411,12237;14472,4716;4,2550;31229,4527;32286,23420;19027,12050;4832,21639;14103,27487;6005,25224;6593,9591;29186,4186;5998,24257;15737,31577;2653,16968;26137,74;29368,24815;32347,21832;8155,12354;7681,28987;7844,25638;23540,8673;14337,2964;14448,24383;7559,31879;16988,10334;11172,21793;19877,31234;10368,10613;5398,21254;20325,6472;20722,13400;18407,8836;5886,8534
4110	
4120	
4130	
4140	
4150	
4160	
4170	
4180	
4190	
4200	25247,27562;7147,19755;27893,6651;9158,6214;32412,21361;19076,8179;28578,11817;2160,17043;15984,21312;25642,13064;30908,26863;9800,2532;5259,25643;26362,27408;22014,2994;17034,4587;2580,6613;18063,15433;16417,9631;3065,10857;4849,1749;4000,30613;15927,1062;9338,29358;15690,14620;13330,3804;31407,13800;27159,5290;17048,23498;17762,7676;30816,11103;920,6112;20410,23406;30942,6599;5977,5272;23465,14315;29252,31933;12122,8119;4003,1493;18851,29162;19730,22956;21807,13317;27926,4075;22433,16429;18036,29528;23083,18866;99,12603;20777,15866;17071,4081;27158,2067;20451,30598;9127,18470;20975,32065;1417,12752;31261,29012;31845,26537;21972,12476;14529,15637;4127,12521;10054,815;30012,5182;25470,16445;21915,10490;23186,28453;11456,865;20335,25429;7605,2384;12411,12237;14472,4716;4,2550;31229,4527;32286,23420;19027,12050;4832,21639;14103,27487;6005,25224;6593,9591;29186,4186;5998,24257;15737,31577;2653,16968;26137,74;29368,24815;32347,21832;8155,12354;7681,28987;7844,25638;23540,8673;14337,2964;14448,24383;7559,31879;16988,10334;11172,21793;19877,31234;10368,10613;5398,21254;20325,6472;20722,13400;18407,8836;5886,8534
4210	
4220	
4230	
4240	
4250	
4260	
4270	
4280	
4290	
4300	25247,27562;7147,19755;27893,6651;9158,6214;32412,21361;19076,8179;28578,11817;2160,17043;15984,21312;25642,13064;30908,26863;9800,2532;5259,25643;26362,27408;22014,2994;17034,4587;2580,6613;18063,15433;16417,9631;3065,10857;4849,1749;4000,30613;15927,1062;9338,29358;15690,14620;13330,3804;31407,13800;27159,5290;17048,23498;17762,7676;30816,11103;920,6112;20410,23406;30942,6599;5977,5272;23465,14315;29252,31933;12122,8119;4003,1493;18851,29162;19730,22956;21807,13317;27926,4075;22433,16429;18036,29528;23083,18866;99,12603;20777,15866;17071,4081;27158,2067;20451,30598;9127,18470;20975,32065;1417,12752;31261,29012;31845,26537;21972,12476;14529,15637;4127,12521;10054,815;30012,5182;25470,16445;21915,10490;23186,28453;11456,865;20335,25429;7605,2384;12411,12237;14472,4716;4,2550;31229,4527;32286,23420;19027,12050;4832,21639;14103,27487;6005,25224;6593,9591;29186,4186;5998,24257;15737,31577;2653,16968;26137,74;29368,24815;32347,21832;8155,12354;7681,28987;7844,25638;23540,8673;14337,2964;14448,24383;7559,31879;16988,10334;11172,21793;19877,31234;10368,10613;5398,21254;20325,6472;20722,13400;18407,8836;5886,8534
4310	
4320	
4330	
4340	
4350	
4360	
4370	
4380	
4390	
4400	25247,27562;7147,19755;27893,6651;9158,6214;32412,21361;19076,8179;28578,11817;2160,17043;15984,21312;25642,13064;30908,26863;9800,2532;5259,25643;26362,27408;22014,2994;17034,4587;2580,6613;18063,15433;16417,9631;3065,10857;4849,1749;4000,30613;15927,1062;9338,29358;15690,14620;13330,3804;31407,13800;27159,5290;17048,23498;17762,7676;30816,11103;920,6112;20410,23406;30942,6599;5977,5272;23465,14315;29252,31933;12122,8119;4003,1493;18851,29162;19730,22956;21807,13317;27926,4075;22433,16429;18036,29528;23083,18866;99,12603;20777,15866;17071,4081;27158,2067;20451,30598;9127,18470;20975,32065;1417,12752;31261,29012;31845,26537;21972,12476;14529,15637;4127,12521;10054,815;30012,5182;25470,16445;21915,10490;23186,28453;11456,865;20335,25429;7605,2384;12411,12237;14472,4716;4,2550;31229,4527;32286,23420;19027,12050;4832,21639;14103,27487;6005,25224;6593,9591;29186,4186;5998,24257;15737,31577;2653,16968;26137,74;29368,24815;32347,21832;8155,12354;7681,28987;7844,25638;23540,8673;14337,2964;14448,24383;7559,31879;16988,10334;11172,21793;19877,31234;10368,10613;5398,21254;20325,6472;20722,13400;18407,8836;5886,8534
4410	
4420	
4430	
4440	
4450	
4460	
4470	
4480	
4490	
4500	25247,27562;7147,19755;27893,6651;9158,6214;32412,21361;19076,8179;28578,11817;2160,17043;15984,21312;25642,13064;30908,26863;9800,2532;5259,25643;26362,27408;22014,2994;17034,4587;2580,6613;18063,15433;16417,9631;3065,10857;4849,1749;4000,30613;15927,1062;9338,29358;15690,14620;13330,3804;31407,13800;27159,5290;17048,23498;17762,7676;30816,11103;920,6112;20410,23406;30942,6599;5977,5272;23465,14315;29252,31933;12122,8119;4003,1493;18851,29162;19730,22956;21807,13317;27926,4075;22433,16429;18036,29528;23083,18866;99,12603;20777,15866;17071,4081;27158,2067;20451,30598;9127,18470;20975,32065;1417,12752;31261,29012;31845,26537;21972,12476;14529,15637;4127,12521;10054,815;30012,5182;25470,16445;21915,10490;23186,28453;11456,865;20335,25429;7605,2384;12411,12237;14472,4716;4,2550;31229,4527;32286,23420;19027,12050;4832,21639;14103,27487;6005,25224;6593,9591;29186,4186;5998,24257;15737,31577;2653,16968;26137,74;29368,24815;32347,21832;8155,12354;7681,28987;7844,25638;23540,8673;14337,2964;14448,24383;7559,31879;16988,10334;11172,21793;19877,31234;10368,10613;5398,21254;20325,6472;20722,13400;18407,8836;5886,8534
4510	
4520	
4530	
4540	
4550	
4560	
4570	
4580	
4590	
4600	25247,27562;7147,19755;27893,6651;9158,6214;32412,21361;19076,8179;28578,11817;2160,17043;15984,21312;25642,13064;30908,26863;9800,2532;5259,25643;26362,27408;22014,2994;17034,4587;2580,6613;18063,15433;16417,9631;3065,10857;4849,1749;4000,30613;15927,1062;9338,29358;15690,14620;13330,3804;31407,13800;27159,5290;17048,23498;17762,7676;30816,11103;920,6112;20410,23406;30942,6599;5977,5272;23465,14315;29252,31933;12122,8119;4003,1493;18851,29162;19730,22956;21807,13317;27926,4075;22433,16429;18036,29528;23083,18866;99,12603;20777,15866;17071,4081;27158,2067;20451,30598;9127,18470;20975,32065;1417,12752;31261,29012;31845,26537;21972,12476;14529,15637;4127,12521;10054,815;30012,5182;25470,16445;21915,10490;23186,28453;11456,865;20335,25429;7605,2384;12411,12237;14472,4716;4,2550;31229,4527;32286,23420;19027,12050;4832,21639;14103,27487;6005,25224;6593,9591;29186,4186;5998,24257;15737,31577;2653,16968;26137,74;29368,24815;32347,21832;8155,12354;7681,28987;7844,25638;23540,8673;14337,2964;14448,24383;7559,31879;16988,10334;11172,21793;19877,31234;10368,10613;5398,21254;20325,6472;20722,13400;18407,8836;5886,8534
4610	
4620	
4630	
4640	
4650	
4660	
4670	
4680	
4690	
4700	25247,27562;7147,19755;27893,6651;9158,6214;32412,21361;19076,8179;28578,11817;2160,17043;15984,21312;25642,13064;30908,26863;9800,2532;5259,25643;26362,27408;22014,2994;17034,4587;2580,6613;18063,15433;16417,9631;3065,10857;4849,1749;4000,30613;15927,1062;9338,29358;15690,14620;13330,3804;31407,13800;27159,5290;17048,23498;17762,7676;30816,11103;920,6112;20410,23406;30942,6599;5977,5272;23465,14315;29252,31933;12122,8119;4003,1493;18851,29162;19730,22956;21807,13317;27926,4075;22433,16429;18036,29528;23083,18866;99,12603;20777,15866;17071,4081;27158,2067;20451,30598;9127,18470;20975,32065;1417,12752;31261,29012;31845,26537;21972,12476;14529,15637;4127,12521;10054,815;30012,5182;25470,16445;21915,10490;23186,28453;11456,865;20335,25429;7605,2384;12411,12237;14472,4716;4,2550;31229,4527;32286,23420;19027,12050;4832,21639;14103,27487;6005,25224;6593,9591;29186,4186;5998,24257;15737,31577;2653,16968;26137,74;29368,24815;32347,21832;8155,12354;7681,28987;7844,25638;23540,8673;14337,2964;14448,24383;7559,31879;16988,10334;11172,21793;19877,31234;10368,10613;5398,21254;20325,6472;20722,13400;18407,8836;5886,8534
4710	
4720	
4730	
4740	
4750	
4760	
4770	
4780	
4790	
4800	25247,27562;7147,19755;27893,6651;9158,6214;32412,21361;19076,8179;28578,11817;2160,17043;15984,21312;25642,13064;30908,26863;9800,2532;5259,25643;26362,27408;22014,2994;17034,4587;2580,6613;18063,15433;16417,9631;3065,10857;4849,1749;4000,30613;15927,1062;9338,29358;15690,14620;13330,3804;31407,13800;27159,5290;17048,23498;17762,7676;30816,11103;920,6112;20410,23406;30942,6599;5977,5272;23465,14315;29252,31933;12122,8119;4003,1493;18851,29162;19730,22956;21807,13317;27926,4075;22433,16429;18036,29528;23083,18866;99,12603;20777,15866;17071,4081;27158,2067;20451,30598;9127,18470;20975,32065;1417,12752;31261,29012;31845,26537;21972,12476;14529,15637;4127,12521;10054,815;30012,5182;25470,16445;21915,10490;23186,28453;11456,865;20335,25429;7605,2384;12411,12237;14472,4716;4,2550;31229,4527;32286,23420;19027,12050;4832,21639;14103,27487;6005,25224;6593,9591;29186,4186;5998,24257;15737,31577;2653,16968;26137,74;29368,24815;32347,21832;8155,12354;7681,28987;7844,25638;23540,8673;14337,2964;14448,24383;7559,31879;16988,10334;11172,21793;19877,31234;10368,10613;5398,21254;20325,6472;20722,13400;18407,8836;5886,8534
4810	
4820	
4830	
4840	
4850	
4860	
4870	
4880	
4890	
4900	25247,27562;7147,19755;27893,6651;9158,6214;32412,21361;19076,8179;28578,11817;2160,17043;15984,21312;25642,13064;30908,26863;9800,2532;5259,25643;26362,27408;22014,2994;17034,4587;2580,6613;18063,15433;16417,9631;3065,10857;4849,1749;4000,30613;15927,1062;9338,29358;15690,14620;13330,3804;31407,13800;27159,5290;17048,23498;17762,7676;30816,11103;920,6112;20410,23406;30942,6599;5977,5272;23465,14315;29252,31933;12122,8119;4003,1493;18851,29162;19730,22956;21807,13317;27926,4075;22433,16429;18036,29528;23083,18866;99,12603;20777,15866;17071,4081;27158,2067;20451,30598;9127,18470;20975,32065;1417,12752;31261,29012;31845,26537;21972,12476;14529,15637;4127,12521;10054,815;30012,5182;25470,16445;21915,10490;23186,28453;11456,865;20335,25429;7605,2384;12411,12237;14472,4716;4,2550;31229,4527;32286,23420;19027,12050;4832,21639;14103,27487;6005,25224;6593,9591;29186,4186;5998,24257;15737,31577;2653,16968;26137,74;29368,24815;32347,21832;8155,12354;7681,28987;7844,25638;23540,8673;14337,2964;14448,24383;7559,31879;16988,10334;11172,21793;19877,31234;10368,10613;5398,21254;20325,6472;20722,13400;18407,8836;5886,8534
4910	
4920	
4930	
4940	
4950	
4960	
4970	
4980	
4990	
5000	25247,27562;7147,19755;27893,6651;9158,6214;32412,21361;19076,8179;28578,11817;2160,17043;15984,21312;25642,13064;30908,26863;9800,2532;5259,25643;26362,27408;22014,2994;17034,4587;2580,6613;18063,15433;16417,9631;3065,10857;4849,1749;4000,30613;15927,1062;9338,29358;15690,14620;13330,3804;31407,13800;27159,5290;17048,23498;17762,7676;30816,11103;920,6112;20410,23406;30942,6599;5977,5272;23465,14315;29252,31933;12122,8119;4003,1493;18851,29162;19730,22956;21807,13317;27926,4075;22433,16429;18036,29528;23083,18866;99,12603;20777,15866;17071,4081;27158,2067;20451,30598;9127,18470;20975,32065;1417,12752;31261,29012;31845,26537;21972,12476;14529,15637;4127,12521;10054,815;30012,5182;25470,16445;21915,10490;23186,28453;11456,865;20335,25429;7605,2384;12411,12237;14472,4716;4,2550;31229,4527;32286,23420;19027,12050;4832,21639;14103,27487;6005,25224;6593,9591;29186,4186;5998,24257;15737,31577;2653,16968;26137,74;29368,24815;32347,21832;8155,12354;7681,28987;7844,25638;23540,8673;14337,2964;14448,24383;7559,31879;16988,10334;11172,21793;19877,31234;10368,10613;5398,21254;20325,6472;20722,13400;18407,8836;5886,8534
5010	
5020	
5030	
5040	
5050	
5060	
5070	
5080	
5090	
5100	25247,27562;7147,19755;27893,6651;9158,6214;32412,21361;19076,8179;28578,11817;2160,17043;15984,21312;25642,13064;30908,26863;9800,2532;5259,25643;26362,27408;22014,2994;17034,4587;2580,6613;18063,15433;16417,9631;3065,10857;4849,1749;4000,30613;15927,1062;9338,29358;15690,14620;13330,3804;31407,13800;27159,5290;17048,23498;17762,7676;30816,11103;920,6112;20410,23406;30942,6599;5977,5272;23465,14315;29252,31933;12122,8119;4003,1493;18851,29162;19730,22956;21807,13317;27926,4075;22433,16429;18036,29528;23083,18866;99,12603;20777,15866;17071,4081;27158,2067;20451,30598;9127,18470;20975,32065;1417,12752;31261,29012;31845,26537;21972,12476;14529,15637;4127,12521;10054,815;30012,5182;25470,16445;21915,10490;23186,28453;11456,865;20335,25429;7605,2384;12411,12237;14472,4716;4,2550;31229,4527;32286,23420;19027,12050;4832,21639;14103,27487;6005,25224;6593,9591;29186,4186;5998,24257;15737,31577;2653,16968;26137,74;29368,24815;32347,21832;8155,12354;7681,28987;7844,25638;23540,8673;14337,2964;14448,24383;7559,31879;16988,10334;11172,21793;19877,31234;10368,10613;5398,21254;20325,6472;20722,13400;18407,8836;5886,8534
5110	
5120	
5130	
5140	
5150	
5160	
5170	
5180	
5190	
5200	25247,27562;7147,19755;27893,6651;9158,6214;32412,21361;19076,8179;28578,11817;2160,17043;15984,21312;25642,13064;30908,26863;9800,2532;5259,25643;26362,27408;22014,2994;17034,4587;2580,6613;18063,15433;16417,9631;3065,10857;4849,1749;4000,30613;15927,1062;9338,29358;15690,14620;13330,3804;31407,13800;27159,5290;17048,23498;17762,7676;30816,11103;920,6112;20410,23406;30942,6599;5977,5272;23465,14315;29252,31933;12122,8119;4003,1493;18851,29162;19730,22956;21807,13317;27926,4075;22433,16429;18036,29528;23083,18866;99,12603;20777,15866;17071,4081;27158,2067;20451,30598;9127,18470;20975,32065;1417,12752;31261,29012;31845,26537;21972,12476;14529,15637;4127,12521;10054,815;30012,5182;25470,16445;21915,10490;23186,28453;11456,865;20335,25429;7605,2384;12411,12237;14472,4716;4,2550;31229,4527;32286,23420;19027,12050;4832,21639;14103,27487;6005,25224;6593,9591;29186,4186;5998,24257;15737,31577;2653,16968;26137,74;29368,24815;32347,21832;8155,12354;7681,28987;7844,25638;23540,8673;14337,2964;14448,24383;7559,31879;16988,10334;11172,21793;19877,31234;10368,10613;5398,21254;20325,6472;20722,13400;18407,8836;5886,8534
5210	
5220	
5230	
5240	
5250	
5260	
5270	
5280	
5290	
5300	25247,27562;7147,19755;27893,6651;9158,6214;32412,21361;19076,8179;28578,11817;2160,17043;15984,21312;25642,13064;30908,26863;9800,2532;5259,25643;26362,27408;22014,2994;17034,4587;2580,6613;18063,15433;16417,9631;3065,10857;4849,1749;4000,30613;15927,1062;9338,29358;15690,14620;13330,3804;31407,13800;27159,5290;17048,23498;17762,7676;30816,11103;920,6112;20410,23406;30942,6599;5977,5272;23465,14315;29252,31933;12122,8119;4003,1493;18851,29162;19730,22956;21807,13317;27926,4075;22433,16429;18036,29528;23083,18866;99,12603;20777,15866;17071,4081;27158,2067;20451,30598;9127,18470;20975,32065;1417,12752;31261,29012;31845,26537;21972,12476;14529,15637;4127,12521;10054,815;30012,5182;25470,16445;21915,10490;23186,28453;11456,865;20335,25429;7605,2384;12411,12237;14472,4716;4,2550;31229,4527;32286,23420;19027,12050;4832,21639;14103,27487;6005,25224;6593,9591;29186,4186;5998,24257;15737,31577;2653,16968;26137,74;29368,24815;32347,21832;8155,12354;7681,28987;7844,25638;23540,8673;14337,2964;14448,24383;7559,31879;16988,10334;11172,21793;19877,31234;10368,10613;5398,21254;20325,6472;20722,13400;18407,8836;5886,8534
5310	
5320	
5330	
5340	
5350	
5360	
5370	
5380	
5390	
5400	25247,27562;7147,19755;27893,6651;9158,6214;32412,21361;19076,8179;28578,11817;2160,17043;15984,21312;25642,13064;30908,26863;9800,2532;5259,25643;26362,27408;22014,2994;17034,4587;2580,6613;18063,15433;16417,9631;3065,10857;4849,1749;4000,30613;15927,1062;9338,29358;15690,14620;13330,3804;31407,13800;27159,5290;17048,23498;17762,7676;30816,11103;920,6112;20410,23406;30942,6599;5977,5272;23465,14315;29252,31933;12122,8119;4003,1493;18851,29162;19730,22956;21807,13317;27926,4075;22433,16429;18036,29528;23083,18866;99,12603;20777,15866;17071,4081;27158,2067;20451,30598;9127,18470;20975,32065;1417,12752;31261,29012;31845,26537;21972,12476;14529,15637;4127,12521;10054,815;30012,5182;25470,16445;21915,10490;23186,28453;11456,865;20335,25429;7605,2384;12411,12237;14472,4716;4,2550;31229,4527;32286,23420;19027,12050;4832,21639;14103,27487;6005,25224;6593,9591;29186,4186;5998,24257;15737,31577;2653,16968;26137,74;29368,24815;32347,21832;8155,12354;7681,28987;7844,25638;23540,8673;14337,2964;14448,24383;7559,31879;16988,10334;11172,21793;19877,31234;10368,10613;5398,21254;20325,6472;20722,13400;18407,8836;5886,8534
5410	
5420	
5430	
5440	
5450	
5460	
5470	
5480	
5490	
5500	25247,27562;7147,19755;27893,6651;9158,6214;32412,21361;19076,8179;28578,11817;2160,17043;15984,21312;25642,13064;30908,26863;9800,2532;5259,25643;26362,27408;22014,2994;17034,4587;2580,6613;18063,15433;16417,9631;3065,10857;4849,1749;4000,30613;15927,1062;9338,29358;15690,14620;13330,3804;31407,13800;27159,5290;17048,23498;17762,7676;30816,11103;920,6112;20410,23406;30942,6599;5977,5272;23465,14315;29252,31933;12122,8119;4003,1493;18851,29162;19730,22956;21807,13317;27926,4075;22433,16429;18036,29528;23083,18866;99,12603;20777,15866;17071,4081;27158,2067;20451,30598;9127,18470;20975,32065;1417,12752;31261,29012;31845,26537;21972,12476;14529,15637;4127,12521;10054,815;30012,5182;25470,16445;21915,10490;23186,28453;11456,865;20335,25429;7605,2384;12411,12237;14472,4716;4,2550;31229,4527;32286,23420;19027,12050;4832,21639;14103,27487;6005,25224;6593,9591;29186,4186;5998,24257;15737,31577;2653,16968;26137,74;29368,24815;32347,21832;8155,12354;7681,28987;7844,25638;23540,8673;14337,2964;14448,24383;7559,31879;16988,10334;11172,21793;19877,31234;10368,10613;5398,21254;20325,6472;20722,13400;18407,8836;5886,8534
5510	
5520	
5530	
5540	
5550	
5560	
5570	
5580	
5590	
5600	25247,27562;7147,19755;27893,6651;9158,6214;32412,21361;19076,8179;28578,11817;2160,17043;15984,21312;25642,13064;30908,26863;9800,2532;5259,25643;26362,27408;22014,2994;17034,4587;2580,6613;18063,15433;16417,9631;3065,10857;4849,1749;4000,30613;15927,1062;9338,29358;15690,14620;13330,3804;31407,13800;27159,5290;17048,23498;17762,7676;30816,11103;920,6112;20410,23406;30942,6599;5977,5272;23465,14315;29252,31933;12122,8119;4003,1493;18851,29162;19730,22956;21807,13317;27926,4075;22433,16429;18036,29528;23083,18866;99,12603;20777,15866;17071,4081;27158,2067;20451,30598;9127,18470;20975,32065;1417,12752;31261,29012;31845,26537;21972,12476;14529,15637;4127,12521;10054,815;30012,5182;25470,16445;21915,10490;23186,28453;11456,865;20335,25429;7605,2384;12411,12237;14472,4716;4,2550;31229,4527;32286,23420;19027,12050;4832,21639;14103,27487;6005,25224;6593,9591;29186,4186;5998,24257;15737,31577;2653,16968;26137,74;29368,24815;32347,21832;8155,12354;7681,28987;7844,25638;23540,8673;14337,2964;14448,24383;7559,31879;16988,10334;11172,21793;19877,31234;10368,10613;5398,21254;20325,6472;20722,13400;18407,8836;5886,8534
5610	
5620	
5630	
5640	
5650	
5660	
5670	
5680	
5690	
5700	25247,27562;7147,19755;27893,6651;9158,6214;32412,21361;19076,8179;28578,11817;2160,17043;15984,21312;25642,13064;30908,26863;9800,2532;5259,25643;26362,27408;22014,2994;17034,4587;2580,6613;18063,15433;16417,9631;3065,10857;4849,1749;4000,30613;15927,1062;9338,29358;15690,14620;13330,3804;31407,13800;27159,5290;17048,23498;17762,7676;30816,11103;920,6112;20410,23406;30942,6599;5977,5272;23465,14315;29252,31933;12122,8119;4003,1493;18851,29162;19730,22956;21807,13317;27926,4075;22433,16429;18036,29528;23083,18866;99,12603;20777,15866;17071,4081;27158,2067;20451,30598;9127,18470;20975,32065;1417,12752;31261,29012;31845,26537;21972,12476;14529,15637;4127,12521;10054,815;30012,5182;25470,16445;21915,10490;23186,28453;11456,865;20335,25429;7605,2384;12411,12237;14472,4716;4,2550;31229,4527;32286,23420;19027,12050;4832,21639;14103,27487;6005,25224;6593,9591;29186,4186;5998,24257;15737,31577;2653,16968;26137,74;29368,24815;32347,21832;8155,12354;7681,28987;7844,25638;23540,8673;14337,2964;14448,24383;7559,31879;16988,10334;11172,21793;19877,31234;10368,10613;5398,21254;20325,6472;20722,13400;18407,8836;5886,8534
5710	
5720	
5730	
5740	
5750	
5760	
5770	
5780	
5790	
5800	25247,27562;7147,19755;27893,6651;9158,6214;32412,21361;19076,8179;28578,11817;2160,17043;15984,21312;25642,13064;30908,26863;9800,2532;5259,25643;26362,27408;22014,2994;17034,4587;2580,6613;18063,15433;16417,9631;3065,10857;4849,1749;4000,30613;15927,1062;9338,29358;15690,14620;13330,3804;31407,13800;27159,5290;17048,23498;17762,7676;30816,11103;920,6112;20410,23406;30942,6599;5977,5272;23465,14315;29252,31933;12122,8119;4003,1493;18851,29162;19730,22956;21807,13317;27926,4075;22433,16429;18036,29528;23083,18866;99,12603;20777,15866;17071,4081;27158,2067;20451,30598;9127,18470;20975,32065;1417,12752;31261,29012;31845,26537;21972,12476;14529,15637;4127,12521;10054,815;30012,5182;25470,16445;21915,10490;23186,28453;11456,865;20335,25429;7605,2384;12411,12237;14472,4716;4,2550;31229,4527;32286,23420;19027,12050;4832,21639;14103,27487;6005,25224;6593,9591;29186,4186;5998,24257;15737,31577;2653,16968;26137,74;29368,24815;32347,21832;8155,12354;7681,28987;7844,25638;23540,8673;14337,2964;14448,24383;7559,31879;16988,10334;11172,21793;19877,31234;10368,10613;5398,21254;20325,6472;20722,13400;18407,8836;5886,8534
5810	
5820	
5830	
5840	
5850	
5860	
5870	
5880	
5890	
5900	25247,27562;7147,19755;27893,6651;9158,6214;32412,21361;19076,8179;28578,11817;2160,17043;15984,21312;25642,13064;30908,26863;9800,2532;5259,25643;26362,27408;22014,2994;17034,4587;2580,6613;18063,15433;16417,9631;3065,10857;4849,1749;4000,30613;15927,1062;9338,29358;15690,14620;13330,3804;31407,13800;27159,5290;17048,23498;17762,7676;30816,11103;920,6112;20410,23406;30942,6599;5977,5272;23465,14315;29252,31933;12122,8119;4003,1493;18851,29162;19730,22956;21807,13317;27926,4075;22433,16429;18036,29528;23083,18866;99,12603;20777,15866;17071,4081;27158,2067;20451,30598;9127,18470;20975,32065;1417,12752;31261,29012;31845,26537;21972,12476;14529,15637;4127,12521;10054,815;30012,5182;25470,16445;21915,10490;23186,28453;11456,865;20335,25429;7605,2384;12411,12237;14472,4716;4,2550;31229,4527;32286,23420;19027,12050;4832,21639;14103,27487;6005,25224;6593,9591;29186,4186;5998,24257;15737,31577;2653,16968;26137,74;29368,24815;32347,21832;8155,12354;7681,28987;7844,25638;23540,8673;14337,2964;14448,24383;7559,31879;16988,10334;11172,21793;19877,31234;10368,10613;5398,21254;20325,6472;20722,13400;18407,8836;5886,8534
5910	
5920	
5930	
5940	
5950	
5960	
5970	
5980	
5990	
